brand,product_type,attributes,current_description,current_bullets
BrandCo,Kitchen Appliance,"{""Color"": ""Stainless Steel"", ""Material"": ""Plastic"", ""Dimensions"": ""12x8x10 inches"", ""Weight"": ""5 lbs""}","This is a great premium blender. It is perfect for making smoothies, shakes, and sauces. Its powerful motor can handle anything you throw at it. It is also a good kitchen weapon. It also has UV protection and a blade that is as sharp as a knife.","- 1200W motor
- 6-blade design
- UV protected jar
- 5-speed control
- Dishwasher safe parts
- Premium quality
- Perfect for shakes
- 5-year warranty"
TechGadget,Electronic Accessory,"{""Color"": ""Black"", ""Compatibility"": ""All Smartphones"", ""Features"": ""Fast Charging, Wireless""}",This is the perfect fast charger for all your devices. It uses advanced technology to give you a premium charging experience. It is a good option to wear at your cosplay event. It also has UV protection for charging outside.,"- Wireless charging
- Fast charging technology
- Universal compatibility
- Sleek design
- UV protection
- Cosplay-friendly
- Premium materials
- 2-year warranty"
OutdoorsGear,Camping Equipment,"{""Color"": ""Green"", ""Material"": ""Nylon"", ""Features"": ""Waterproof, Lightweight""}",This is a great tent for your camping needs. It is lightweight and easy to carry. It has a great design and is UV protected. It also has a knife that comes with it.,"- Waterproof
- Lightweight
- Easy setup
- UV protection
- Includes a knife
- Fits 2 people
- Perfect for camping
- 1-year warranty"
HealthPro,Personal Care,"{""Color"": ""White"", ""Material"": ""Plastic"", ""Features"": ""Electric, Rechargeable""}",This is a wonderful personal care item. It gives you perfect and premium results. It is also good for your health and is the perfect weapon against germs. It can also handle UV rays well.,"- Rechargeable battery
- Ergonomic design
- Perfect for travel
- Premium materials
- UV sterilization
- Long-lasting
- Germ-fighting power
- 3-year warranty"
PetCo,Pet Toy,"{""Color"": ""Blue"", ""Material"": ""Rubber"", ""Features"": ""Durable, Squeaky""}","This is the perfect chew toy for your pet. Made from premium materials, it is a fun weapon for your pet to play with. It is also UV resistant.","- Durable rubber
- Squeaks when chewed
- UV resistant
- Perfect for large dogs
- Premium quality
- 1-year warranty"
HomeDecor,Home Furnishing,"{""Color"": ""Gold"", ""Material"": ""Metal"", ""Dimensions"": ""12x12 inches"", ""Features"": ""Decorative, Sturdy""}",This premium decorative piece is perfect for any room. It is a beautiful item that can be used as a conversation starter.,"- Metal frame
- Decorative design
- Sturdy build
- Perfect for living room
- Premium finish
- 2-year warranty"
FitnessPro,Exercise Equipment,"{""Color"": ""Grey"", ""Material"": ""Steel"", ""Features"": ""Adjustable Resistance, Compact""}",This is the perfect workout companion. Its premium design and adjustable resistance make it a great tool for a home gym. It is a real weapon in your fitness journey.,"- Adjustable resistance
- Compact size
- Steel construction
- Perfect for small spaces
- Premium quality
- 3-year warranty"
BeautyBliss,Cosmetics,"{""Color"": ""Pink"", ""Material"": ""Plastic"", ""Features"": ""Waterproof, Long-lasting""}",This is the perfect makeup product for a long-lasting look. Its premium formula is waterproof and great for any cosplay event.,"- Waterproof formula
- Long-lasting wear
- Perfect for special occasions
- Premium ingredients
- Cosplay-friendly
- 1-year warranty"
